,ids
0,1095724613856825344
1,1097615516431196161
2,1099771998547439616
3,1102584868406476801
4,1102883799082434562
5,1103719726742728704
6,1103722244914716672
7,1104083103570636802
8,1104117462877040640
9,1104458099698610176
10,1104884815898337282
11,1105526997957013504
12,1106186664525860864
13,1106261707939291137
14,1106558461112807424
15,1108007332766732288
16,1108153145924947969
17,1108153137179910144
18,1108153132960366592
19,1108153124089446400
20,1108428659377881088
21,1109227752077623296
22,1109228037625786368
23,1109229842816475136
24,1109236175552892929
